season,week,game_type,home_team,away_team,home_score,away_score,result
2026,1,REG,SEA,NE,,,
2026,1,REG,LA,SF,,,
2026,1,REG,CAR,CHI,,,
2026,1,REG,CIN,TB,,,
2026,1,REG,DET,NO,,,
2026,1,REG,HOU,BUF,,,
2026,1,REG,IND,BAL,,,
2026,1,REG,JAX,CLE,,,
2026,1,REG,PIT,ATL,,,
2026,1,REG,TEN,NYJ,,,
2026,1,REG,LAC,ARI,,,
2026,1,REG,LV,MIA,,,
2026,1,REG,MIN,GB,,,
2026,1,REG,PHI,WAS,,,
2026,1,REG,NYG,DAL,,,
2026,1,REG,KC,DEN,,,
2026,2,REG,BUF,DET,,,
2026,2,REG,ATL,CAR,,,
2026,2,REG,BAL,NO,,,
2026,2,REG,CHI,MIN,,,
2026,2,REG,HOU,CIN,,,
2026,2,REG,NE,PIT,,,
2026,2,REG,NYJ,GB,,,
2026,2,REG,TB,CLE,,,
2026,2,REG,TEN,PHI,,,
2026,2,REG,DEN,JAX,,,
2026,2,REG,LAC,LV,,,
2026,2,REG,ARI,SEA,,,
2026,2,REG,DAL,WAS,,,
2026,2,REG,SF,MIA,,,
2026,2,REG,KC,IND,,,
2026,2,REG,LA,NYG,,,
2026,3,REG,GB,ATL,,,
2026,3,REG,BUF,LAC,,,
2026,3,REG,CLE,CAR,,,
2026,3,REG,DET,NYJ,,,
2026,3,REG,IND,HOU,,,
2026,3,REG,JAX,NE,,,
2026,3,REG,MIA,KC,,,
2026,3,REG,NYG,TEN,,,
2026,3,REG,PIT,CIN,,,
2026,3,REG,WAS,SEA,,,
2026,3,REG,SF,ARI,,,
2026,3,REG,TB,MIN,,,
2026,3,REG,DAL,BAL,,,
2026,3,REG,NO,LV,,,
2026,3,REG,DEN,LA,,,
2026,3,REG,CHI,PHI,,,
2026,4,REG,CLE,PIT,,,
2026,4,REG,WAS,IND,,,
2026,4,REG,BAL,TEN,,,
2026,4,REG,BUF,NE,,,
2026,4,REG,CHI,NYJ,,,
2026,4,REG,CIN,JAX,,,
2026,4,REG,HOU,DAL,,,
2026,4,REG,NYG,ARI,,,
2026,4,REG,PHI,LA,,,
2026,4,REG,TB,GB,,,
2026,4,REG,MIN,MIA,,,
2026,4,REG,LV,KC,,,
2026,4,REG,SEA,LAC,,,
2026,4,REG,SF,DEN,,,
2026,4,REG,CAR,DET,,,
2026,4,REG,NO,ATL,,,
2026,5,REG,DAL,TB,,,
2026,5,REG,JAX,PHI,,,
2026,5,REG,MIA,CIN,,,
2026,5,REG,NE,LV,,,
2026,5,REG,NO,MIN,,,
2026,5,REG,NYJ,CLE,,,
2026,5,REG,PIT,IND,,,
2026,5,REG,TEN,HOU,,,
2026,5,REG,WAS,NYG,,,
2026,5,REG,LAC,DEN,,,
2026,5,REG,ARI,DET,,,
2026,5,REG,GB,CHI,,,
2026,5,REG,SEA,SF,,,
2026,5,REG,ATL,BAL,,,
2026,5,REG,LA,BUF,,,
2026,6,REG,DEN,SEA,,,
2026,6,REG,JAX,HOU,,,
2026,6,REG,ATL,CHI,,,
2026,6,REG,CLE,BAL,,,
2026,6,REG,IND,TEN,,,
2026,6,REG,NE,NYJ,,,
2026,6,REG,NYG,NO,,,
2026,6,REG,PHI,CAR,,,
2026,6,REG,TB,PIT,,,
2026,6,REG,LA,ARI,,,
2026,6,REG,KC,LAC,,,
2026,6,REG,LV,BUF,,,
2026,6,REG,GB,DAL,,,
2026,6,REG,SF,WAS,,,
2026,7,REG,CHI,NE,,,
2026,7,REG,NO,PIT,,,
2026,7,REG,ATL,SF,,,
2026,7,REG,BAL,CIN,,,
2026,7,REG,CAR,TB,,,
2026,7,REG,HOU,NYG,,,
2026,7,REG,MIN,IND,,,
2026,7,REG,NYJ,MIA,,,
2026,7,REG,TEN,CLE,,,
2026,7,REG,ARI,DEN,,,
2026,7,REG,DET,GB,,,
2026,7,REG,LV,LA,,,
2026,7,REG,SEA,KC,,,
2026,7,REG,PHI,DAL,,,
2026,8,REG,GB,CAR,,,
2026,8,REG,BUF,BAL,,,
2026,8,REG,CIN,TEN,,,
2026,8,REG,DAL,ARI,,,
2026,8,REG,DET,MIN,,,
2026,8,REG,JAX,IND,,,
2026,8,REG,NYJ,LV,,,
2026,8,REG,PIT,CLE,,,
2026,8,REG,TB,ATL,,,
2026,8,REG,LA,LAC,,,
2026,8,REG,DEN,KC,,,
2026,8,REG,MIA,NE,,,
2026,8,REG,WAS,PHI,,,
2026,8,REG,SEA,CHI,,,
2026,9,REG,BAL,JAX,,,
2026,9,REG,ATL,CIN,,,
2026,9,REG,CAR,DEN,,,
2026,9,REG,IND,DAL,,,
2026,9,REG,KC,NYJ,,,
2026,9,REG,MIA,DET,,,
2026,9,REG,NO,CLE,,,
2026,9,REG,PHI,NYG,,,
2026,9,REG,WAS,LA,,,
2026,9,REG,LAC,HOU,,,
2026,9,REG,SF,LV,,,
2026,9,REG,NE,GB,,,
2026,9,REG,SEA,ARI,,,
2026,9,REG,CHI,TB,,,
2026,9,REG,MIN,BUF,,,
2026,10,REG,NYG,WAS,,,
2026,10,REG,DET,NE,,,
2026,10,REG,ATL,KC,,,
2026,10,REG,CLE,HOU,,,
2026,10,REG,GB,MIN,,,
2026,10,REG,IND,MIA,,,
2026,10,REG,NO,CAR,,,
2026,10,REG,NYJ,BUF,,,
2026,10,REG,TEN,JAX,,,
2026,10,REG,ARI,LA,,,
2026,10,REG,LV,SEA,,,
2026,10,REG,DAL,SF,,,
2026,10,REG,CIN,PIT,,,
2026,10,REG,BAL,LAC,,,
2026,11,REG,HOU,IND,,,
2026,11,REG,BUF,MIA,,,
2026,11,REG,CAR,BAL,,,
2026,11,REG,CHI,NO,,,
2026,11,REG,DAL,TEN,,,
2026,11,REG,DET,TB,,,
2026,11,REG,KC,ARI,,,
2026,11,REG,NYG,JAX,,,
2026,11,REG,LAC,NYJ,,,
2026,11,REG,DEN,LV,,,
2026,11,REG,PHI,PIT,,,
2026,11,REG,SF,MIN,,,
2026,11,REG,WAS,CIN,,,
2026,12,REG,LA,GB,,,
2026,12,REG,DET,CHI,,,
2026,12,REG,DAL,PHI,,,
2026,12,REG,BUF,KC,,,
2026,12,REG,PIT,DEN,,,
2026,12,REG,CIN,NO,,,
2026,12,REG,CLE,LV,,,
2026,12,REG,HOU,BAL,,,
2026,12,REG,IND,NYG,,,
2026,12,REG,MIA,NYJ,,,
2026,12,REG,MIN,ATL,,,
2026,12,REG,JAX,TEN,,,
2026,12,REG,ARI,WAS,,,
2026,12,REG,SF,SEA,,,
2026,12,REG,LAC,NE,,,
2026,12,REG,TB,CAR,,,
2026,13,REG,LA,KC,,,
2026,13,REG,ATL,DET,,,
2026,13,REG,CHI,JAX,,,
2026,13,REG,CLE,CIN,,,
2026,13,REG,NO,GB,,,
2026,13,REG,NYG,SF,,,
2026,13,REG,TB,LAC,,,
2026,13,REG,TEN,WAS,,,
2026,13,REG,ARI,PHI,,,
2026,13,REG,DEN,MIA,,,
2026,13,REG,MIN,CAR,,,
2026,13,REG,NE,BUF,,,
2026,13,REG,PIT,HOU,,,
2026,13,REG,SEA,DAL,,,
2026,14,REG,NE,MIN,,,
2026,14,REG,BAL,TB,,,
2026,14,REG,CAR,NO,,,
2026,14,REG,CLE,ATL,,,
2026,14,REG,DET,TEN,,,
2026,14,REG,MIA,CHI,,,
2026,14,REG,NYJ,DEN,,,
2026,14,REG,PHI,IND,,,
2026,14,REG,WAS,HOU,,,
2026,14,REG,LV,LAC,,,
2026,14,REG,CIN,KC,,,
2026,14,REG,SEA,NYG,,,
2026,14,REG,SF,LA,,,
2026,14,REG,GB,BUF,,,
2026,14,REG,JAX,PIT,,,
2026,15,REG,LAC,SF,,,
2026,15,REG,PHI,SEA,,,
2026,15,REG,BUF,CHI,,,
2026,15,REG,CAR,CIN,,,
2026,15,REG,GB,MIA,,,
2026,15,REG,HOU,JAX,,,
2026,15,REG,NYG,CLE,,,
2026,15,REG,PIT,BAL,,,
2026,15,REG,TB,NO,,,
2026,15,REG,TEN,IND,,,
2026,15,REG,WAS,ATL,,,
2026,15,REG,ARI,NYJ,,,
2026,15,REG,LA,DAL,,,
2026,15,REG,LV,DEN,,,
2026,15,REG,MIN,DET,,,
2026,15,REG,KC,NE,,,
2026,16,REG,PHI,HOU,,,
2026,16,REG,CHI,GB,,,
2026,16,REG,DEN,BUF,,,
2026,16,REG,SEA,LA,,,
2026,16,REG,ATL,TB,,,
2026,16,REG,BAL,CLE,,,
2026,16,REG,IND,CIN,,,
2026,16,REG,MIA,LAC,,,
2026,16,REG,MIN,WAS,,,
2026,16,REG,NO,ARI,,,
2026,16,REG,NYJ,NE,,,
2026,16,REG,PIT,CAR,,,
2026,16,REG,LV,TEN,,,
2026,16,REG,KC,SF,,,
2026,16,REG,DAL,JAX,,,
2026,16,REG,DET,NYG,,,
2026,17,REG,CIN,BAL,,,
2026,17,REG,ATL,NO,,,
2026,17,REG,CAR,SEA,,,
2026,17,REG,CLE,IND,,,
2026,17,REG,DAL,NYG,,,
2026,17,REG,JAX,WAS,,,
2026,17,REG,LAC,KC,,,
2026,17,REG,MIA,BUF,,,
2026,17,REG,NE,DEN,,,
2026,17,REG,NYJ,MIN,,,
2026,17,REG,TB,LA,,,
2026,17,REG,TEN,PIT,,,
2026,17,REG,ARI,LV,,,
2026,17,REG,CHI,DET,,,
2026,17,REG,SF,PHI,,,
2026,17,REG,GB,HOU,,,
2026,18,REG,ARI,SF,,,
2026,18,REG,BAL,PIT,,,
2026,18,REG,BUF,NYJ,,,
2026,18,REG,CAR,ATL,,,
2026,18,REG,CIN,CLE,,,
2026,18,REG,DEN,LAC,,,
2026,18,REG,GB,DET,,,
2026,18,REG,HOU,TEN,,,
2026,18,REG,IND,JAX,,,
2026,18,REG,KC,LV,,,
2026,18,REG,LA,SEA,,,
2026,18,REG,MIN,CHI,,,
2026,18,REG,NE,MIA,,,
2026,18,REG,NO,TB,,,
2026,18,REG,NYG,PHI,,,
2026,18,REG,WAS,DAL,,,
